run,score
1,3020.820224719101
2,4531.404494382023
3,2570.7865168539324
4,2459.1460674157306
5,4297.011235955056
6,3337.1011235955057
7,2906.5393258426966
8,4003.4943820224717
9,3050.6629213483147
10,3548.730337078652
11,4263.483146067416
12,4398.044943820225
13,4228.494382022472
14,4158.415730337079
15,4931.123595505618
16,2401.1460674157306
17,4358.966292134832
18,2502.505617977528
19,4208.3258426966295
20,3470.3258426966295
21,3979.775280898876
22,4211.685393258427
23,4160.247191011236
24,4002.61797752809
25,4650.842696629214
26,2574.505617977528
27,4081.4943820224717
28,2429.426966292135
29,5023.606741573034
30,3223.4606741573034
31,3646.696629213483
32,3743.685393258427
33,4229.213483146067
34,3768.258426966292
35,4269.089887640449
36,4083.8539325842703
37,4374.842696629214
38,3596.61797752809
39,4247.247191011236
40,3330.5393258426966
41,3090.1011235955057
42,3702.9325842696626
43,3705.651685393258
44,4192.808988764045
45,4542.651685393258
46,4107.606741573034
47,3066.5393258426966
48,1909.629213483146
49,3708.61797752809
50,4236.404494382023
51,3829.5393258426966
52,2675.1460674157306
53,3433.3258426966295
54,332.7977528089888
55,4447.76404494382
56,2654.1460674157306
57,4533.123595505618
58,3916.9325842696626
59,1638.9101123595506
60,2872.089887640449
61,4778.808988764045
62,2111.3483146067415
63,4076.483146067416
64,5142.966292134832
65,3911.044943820225
66,4194.415730337079
67,3786.3707865168544
68,1693.191011235955
69,4320.370786516854
70,4456.730337078652
71,4182.966292134832
72,4164.3258426966295
73,4816.3258426966295
74,2672.5842696629215
75,2605.865168539326
76,4168.134831460674
77,963.9550561797753
78,3938.61797752809
79,4574.573033707865
80,4608.842696629214
81,3924.213483146067
82,4393.730337078652
83,2127.3483146067415
84,4164.561797752809
85,4897.370786516854
86,1807.2696629213483
87,3139.52808988764
88,4033.089887640449
89,3712.8089887640454
90,3700.61797752809
91,3732.2471910112363
92,3448.9775280898884
93,3497.9775280898884
94,4090.8539325842703
95,239.438202247191
96,4157.404494382023
97,2208.7078651685397
98,3693.258426966292
99,5121.247191011236
100,4448.247191011236
101,3329.3258426966295
102,2048.2696629213483
103,1704.191011235955
104,2125.988764044944
105,3013.2247191011234
106,3225.213483146067
107,4344.85393258427
108,4300.842696629214
109,4612.573033707865
110,2844.9775280898884
111,3274.3370786516853
112,4461.011235955056
113,4823.808988764045
114,4097.842696629214
115,4298.606741573034
116,3934.8539325842703
117,4166.842696629214
118,4751.76404494382
119,4274.730337078652
120,3951.4494382022467
121,4509.887640449438
122,4008.9662921348317
123,2613.7865168539324
124,4390.134831460674
125,2701.865168539326
126,4160.775280898876
127,4138.056179775281
128,4368.3258426966295
129,3488.258426966292
130,4160.415730337079
131,4509.966292134832
132,1766.2696629213483
133,274.438202247191
134,3958.123595505618
135,4095.4044943820227
136,1761.9101123595506
137,1257.4719101123594
138,4688.76404494382
139,851.5955056179776
140,4506.449438202247
141,956.9550561797753
142,4089.4943820224717
143,3597.61797752809
144,4957.449438202247
145,3871.9662921348317
146,3943.9662921348317
147,4866.404494382023
148,3908.3707865168544
149,4345.85393258427
150,3750.9775280898884
151,3823.4157303370794
152,2688.179775280899
153,5014.808988764045
154,3511.741573033708
155,4405.887640449438
156,3919.4494382022467
157,4650.123595505618
158,3197.38202247191
159,4126.3258426966295
160,625.876404494382
161,4382.966292134832
162,2737.2247191011234
163,1583.8314606741574
164,3638.2471910112363
165,3721.696629213483
166,4731.449438202247
167,2225.426966292135
168,4190.168539325843
169,3513.0561797752807
170,4427.247191011236
171,3628.4494382022467
172,4934.123595505618
173,2059.067415730337
174,3680.3258426966295
175,4689.606741573034
176,4665.966292134832
177,4053.685393258427
178,3970.089887640449
179,4754.247191011236
180,4478.404494382023
181,1816.5505617977528
182,3857.4044943820227
183,3320.3258426966295
184,4436.292134831461
185,4407.483146067416
186,3535.258426966292
187,4440.52808988764
188,4724.85393258427
189,3739.4044943820227
190,4609.168539325843
191,1069.314606741573
192,741.2359550561797
193,3949.61797752809
194,2292.7865168539324
195,743.2359550561797
196,3998.730337078652
197,1647.9101123595506
198,2424.426966292135
199,4464.370786516854
200,3858.8089887640454
201,3949.3258426966295
202,2394.1460674157306
203,3731.8876404494376
204,1077.314606741573
205,3524.3370786516853
206,4245.292134831461
207,3682.606741573034
208,4562.089887640449
209,4879.887640449438
210,3004.820224719101
211,4286.76404494382
212,4832.730337078652
213,1660.191011235955
214,3662.696629213483
215,3617.134831460674
216,1473.4719101123594
217,1813.5505617977528
218,4092.0561797752807
219,4752.887640449438
220,4994.168539325843
221,4988.52808988764
222,2188.7078651685397
223,4538.168539325843
224,3860.61797752809
225,2975.52808988764
226,4952.202247191011
227,3334.61797752809
228,3398.38202247191
229,3276.9662921348317
230,2103.505617977528
231,4270.449438202247
232,4883.370786516854
233,1694.191011235955
234,4128.730337078652
235,4699.292134831461
236,4361.808988764045
237,2569.7865168539324
238,4533.808988764045
239,3713.61797752809
240,3727.8876404494376
241,3867.775280898876
242,4293.3258426966295
243,4567.404494382023
244,4994.370786516854
245,4100.056179775281
246,4293.730337078652
247,4041.4044943820227
248,4823.3258426966295
249,4473.685393258427
250,3597.213483146067
251,3091.303370786517
252,5044.044943820225
253,3983.044943820225
254,3323.61797752809
255,4681.966292134832
256,4009.696629213483
257,4273.932584269663
258,4514.011235955056
259,4518.213483146067
260,3845.213483146067
261,3844.8876404494376
262,4268.775280898876
263,3332.606741573034
264,1572.5505617977528
265,3686.9775280898884
266,3063.303370786517
267,4172.213483146067
268,2718.2247191011234
269,2523.1460674157306
270,4021.292134831461
271,4447.932584269663
272,3074.303370786517
273,3506.3258426966295
274,4570.685393258427
275,3028.730337078652
276,3435.685393258427
277,3669.8988764044943
278,4338.483146067416
279,1074.314606741573
280,1776.2696629213483
281,4054.9775280898884
282,3387.5393258426966
283,3769.123595505618
284,2625.179775280899
285,4709.123595505618
286,4382.76404494382
287,2438.426966292135
288,4843.808988764045
289,5056.606741573034
290,3977.4157303370794
291,3835.4943820224717
292,3413.3258426966295
293,3690.8988764044943
294,1698.191011235955
295,2452.426966292135
296,4486.932584269663
297,3131.38202247191
298,2896.61797752809
299,3203.8089887640454
300,3924.213483146067
301,2080.7078651685397
302,4046.3258426966295
303,958.9550561797753
304,2938.5842696629215
305,1689.191011235955
306,1652.191011235955
307,3742.8988764044943
308,2031.7865168539324
309,4219.887640449438
310,4145.247191011236
311,4019.123595505618
312,4258.606741573034
313,3995.134831460674
314,4360.52808988764
315,3465.4606741573034
316,4620.404494382023
317,3409.3258426966295
318,2258.7078651685397
319,3571.258426966292
320,3530.741573033708
321,3792.696629213483
322,4512.292134831461
323,4536.292134831461
324,4779.606741573034
325,2855.303370786517
326,1549.4719101123594
327,3538.3370786516853
328,3791.5393258426966
329,3546.4157303370794
330,4485.404494382023
331,4489.808988764045
332,4085.4044943820227
333,3990.8426966292136
334,4616.606741573034
335,5023.730337078652
336,4445.247191011236
337,4763.3258426966295
338,4340.651685393258
339,2576.5842696629215
340,4530.292134831461
341,4648.808988764045
342,4378.685393258427
343,2853.730337078652
344,3977.4044943820227
345,4435.089887640449
346,5018.808988764045
347,3841.4044943820227
348,4090.089887640449
349,3942.696629213483
350,3936.4943820224717
351,1692.629213483146
352,1386.8314606741574
353,3339.4606741573034
354,3799.696629213483
355,3452.606741573034
356,3892.483146067416
357,4012.606741573034
358,3708.5393258426966
359,4649.887640449438
360,4157.202247191011
361,1747.9887640449442
362,3402.8988764044943
363,4655.966292134832
364,4073.8539325842703
365,2165.629213483146
366,3480.9662921348317
367,3951.168539325843
368,4395.808988764045
369,4010.213483146067
370,3696.651685393258
371,4606.606741573034
372,4553.76404494382
373,4042.123595505618
374,4311.404494382023
375,1918.9101123595506
376,4321.011235955056
377,2336.067415730337
378,4666.168539325843
379,2052.2696629213483
380,3353.1011235955057
381,3337.134831460674
382,2147.629213483146
383,3963.258426966292
384,4029.4044943820227
385,1988.9887640449442
386,4113.044943820225
387,2769.5842696629215
388,3904.7640449438204
389,4323.247191011236
390,4820.168539325843
391,4175.213483146067
392,4066.7640449438204
393,3827.292134831461
394,3589.651685393258
395,1707.5505617977528
396,4352.76404494382
397,1699.191011235955
398,474.1573033707865
399,3582.820224719101
400,4004.4157303370794
401,4978.483146067416
402,4258.415730337079
403,2255.988764044944
404,3700.8988764044943
405,2796.505617977528
406,1258.752808988764
407,3288.741573033708
408,2658.2247191011234
409,4161.213483146067
410,1072.314606741573
411,4270.404494382023
412,3792.8539325842703
413,3362.9662921348317
414,4187.044943820225
415,4658.404494382023
416,3837.685393258427
417,4467.044943820225
418,4918.370786516854
419,3217.2471910112363
420,4374.449438202247
421,3641.52808988764
422,3185.6629213483147
423,3774.3258426966295
424,3991.775280898876
425,973.9550561797753
426,4751.089887640449
427,3692.685393258427
428,3086.0224719101125
429,3673.696629213483
430,4250.966292134832
431,3400.820224719101
432,5248.76404494382
433,4055.9662921348317
434,3679.61797752809
435,3811.9662921348317
436,2153.629213483146
437,3684.123595505618
438,2958.775280898876
439,2436.426966292135
440,5168.966292134832
441,4712.370786516854
442,4105.404494382023
443,4136.056179775281
444,4329.3258426966295
445,4022.4044943820227
446,4765.3258426966295
447,3405.651685393258
448,4619.449438202247
449,4171.415730337079
450,4839.011235955056
451,3157.38202247191
452,4743.247191011236
453,3572.61797752809
454,4603.292134831461
455,3875.292134831461
456,4013.044943820225
457,4229.685393258427
458,4199.696629213483
459,4608.202247191011
460,4406.3258426966295
461,1183.6741573033707
462,3928.0561797752807
463,3732.9662921348317
464,3588.4044943820227
465,3908.651685393258
466,2892.820224719101
467,3838.685393258427
468,627.876404494382
469,4251.292134831461
470,667.876404494382
471,3064.303370786517
472,2779.52808988764
473,4370.168539325843
474,4231.651685393258
475,3861.61797752809
476,4444.011235955056
477,3228.741573033708
478,4381.483146067416
479,3313.0224719101125
480,3647.730337078652
481,4630.573033707865
482,1190.6741573033707
483,4136.52808988764
484,2103.3483146067415
485,5118.921348314607
486,1715.9101123595506
487,4068.2471910112363
488,3950.2471910112363
489,4115.134831460674
490,4474.011235955056
491,1299.0337078651685
492,509.51685393258424
493,1059.6741573033707
494,4055.775280898876
495,3815.3707865168544
496,3599.651685393258
497,3744.179775280899
498,5333.044943820225
499,4496.76404494382
500,1412.3932584269662
501,4298.685393258427
502,3274.258426966292
503,2953.741573033708
504,2054.2696629213483
505,2386.1460674157306
506,4071.292134831461
507,3266.3370786516853
508,5113.292134831461
509,1765.2696629213483
510,4511.685393258427
511,4420.044943820225
512,5382.606741573034
513,3259.4606741573034
514,4075.52808988764
515,4988.247191011236
516,2493.426966292135
517,4405.011235955056
518,853.5955056179776
519,4679.685393258427
520,4755.044943820225
521,4563.606741573034
522,5044.449438202247
523,3379.1011235955057
524,3622.820224719101
525,4056.213483146067
526,5190.606741573034
527,3324.4494382022467
528,5159.966292134832
529,958.9550561797753
530,474.1573033707865
531,1814.5505617977528
532,4443.887640449438
533,3268.606741573034
534,4648.370786516854
535,633.876404494382
536,4227.415730337079
537,2375.3483146067415
538,4227.685393258427
539,3967.4044943820227
540,3720.123595505618
541,2190.865168539326
542,4281.842696629214
543,4687.449438202247
544,3592.651685393258
545,4346.370786516854
546,3750.4044943820227
547,3810.3370786516853
548,2847.2247191011234
549,1818.7078651685397
550,4103.696629213483
551,4164.685393258427
552,4562.404494382023
553,4142.337078651685
554,4167.292134831461
555,3813.4943820224717
556,3566.8876404494376
557,4701.730337078652
558,4755.561797752809
559,4952.730337078652
560,3333.4494382022467
561,3331.4157303370794
562,3809.4157303370794
563,3461.8988764044943
564,4281.404494382023
565,2315.7078651685397
566,4520.370786516854
567,3138.38202247191
568,4305.3258426966295
569,4699.3258426966295
570,3550.9325842696626
571,1811.5505617977528
572,3729.8876404494376
573,2682.865168539326
574,2911.303370786517
575,4137.932584269663
576,3633.7640449438204
577,3937.213483146067
578,4390.730337078652
579,4101.056179775281
580,4493.76404494382
581,5132.887640449438
582,4062.123595505618
583,3791.011235955056
584,2160.426966292135
585,3240.1011235955057
586,4135.651685393258
587,4389.651685393258
588,3502.8988764044943
589,3178.8089887640454
590,4116.76404494382
591,4101.808988764045
592,2032.2696629213483
593,4018.089887640449
594,94.7191011235955
595,4686.651685393258
596,2871.303370786517
597,3329.5393258426966
598,4107.730337078652
599,4024.775280898876
600,4200.887640449438
601,1070.314606741573
602,4070.8876404494376
603,3399.730337078652
604,3909.61797752809
605,4235.292134831461
606,1069.314606741573
607,4211.606741573034
608,4562.3258426966295
609,4175.415730337079
610,4487.213483146067
611,2778.505617977528
612,628.876404494382
613,4013.606741573034
614,2657.1460674157306
615,3145.9775280898884
616,4410.808988764045
617,3631.3370786516853
618,2722.2247191011234
619,4229.011235955056
620,3238.1011235955057
621,3763.0561797752807
622,3588.820224719101
623,4171.932584269663
624,4304.089887640449
625,4225.089887640449
626,844.5955056179776
627,3713.089887640449
628,2035.505617977528
629,3517.5393258426966
630,3296.011235955056
631,3724.4044943820227
632,3696.4943820224717
633,3399.8988764044943
634,3765.4044943820227
635,4204.483146067416
636,4458.52808988764
637,4363.573033707865
638,2284.7865168539324
639,5060.808988764045
640,900.5955056179776
641,484.1573033707865
642,3250.8988764044943
643,3795.5393258426966
644,5140.52808988764
645,3371.1011235955057
646,1593.8314606741574
647,4042.3258426966295
648,3290.0224719101125
649,1211.3932584269662
650,3431.9775280898884
651,4577.808988764045
652,3528.134831460674
653,4451.966292134832
654,2647.0224719101125
655,3871.3370786516853
656,4159.449438202247
657,4435.089887640449
658,3730.7640449438204
659,4513.168539325843
660,3179.8876404494376
661,4173.932584269663
662,4258.730337078652
663,2187.426966292135
664,4147.404494382023
665,4966.932584269663
666,3126.9325842696626
667,4066.606741573034
668,2730.2247191011234
669,4490.52808988764
670,2592.865168539326
671,4086.089887640449
672,3779.123595505618
673,4474.651685393258
674,4191.685393258427
675,4696.52808988764
676,4386.404494382023
677,5407.044943820225
678,4607.52808988764
679,4764.808988764045
680,3965.4044943820227
681,4555.449438202247
682,4283.887640449438
683,4642.247191011236
684,4685.685393258427
685,3681.044943820225
686,4472.966292134832
687,3232.8876404494376
688,4813.089887640449
689,2204.7078651685397
690,3778.8089887640454
691,4591.449438202247
692,3504.775280898876
693,3916.61797752809
694,3416.3707865168544
695,3888.9662921348317
696,2416.865168539326
697,3483.4494382022467
698,4303.292134831461
699,4806.651685393258
700,4010.8089887640454
701,2780.505617977528
702,4765.011235955056
703,4193.494382022472
704,1641.9101123595506
705,2552.2247191011234
706,4109.76404494382
707,4841.370786516854
708,4519.76404494382
709,3913.483146067416
710,4316.449438202247
711,3940.123595505618
712,3991.134831460674
713,3697.573033707865
714,4014.9775280898884
715,532.5168539325842
716,4289.202247191011
717,2124.1460674157306
718,4367.76404494382
719,4625.808988764045
720,4764.449438202247
721,4454.966292134832
722,3909.7640449438204
723,4746.808988764045
724,3886.2471910112363
725,3924.9325842696626
726,3567.5393258426966
727,4359.606741573034
728,3972.4157303370794
729,3724.7640449438204
730,4600.76404494382
731,4165.730337078652
732,3642.123595505618
733,4721.842696629214
734,4218.247191011236
735,4138.168539325843
736,4654.123595505618
737,3633.258426966292
738,775.5955056179776
739,3558.3370786516853
740,3499.179775280899
741,3635.044943820225
742,2329.067415730337
743,2604.505617977528
744,3572.134831460674
745,4197.887640449438
746,1585.191011235955
747,1253.752808988764
748,4484.044943820225
749,3934.3258426966295
750,4185.011235955056
751,4218.561797752809
752,3571.8876404494376
753,3901.044943820225
754,4414.808988764045
755,3373.3707865168544
756,4405.404494382023
757,4463.887640449438
758,4157.168539325843
759,3621.1011235955057
760,2728.2247191011234
761,4039.2022471910113
762,1467.4719101123594
763,3972.089887640449
764,1698.191011235955
765,2765.505617977528
766,3885.9662921348317
767,2774.2247191011234
768,3743.52808988764
769,3978.292134831461
770,4135.202247191011
771,4418.651685393258
772,4090.483146067416
773,1072.314606741573
774,4720.044943820225
775,4585.370786516854
776,4460.932584269663
777,4156.3258426966295
778,3205.38202247191
779,4531.76404494382
780,4405.887640449438
781,4125.842696629214
782,4494.292134831461
783,1328.752808988764
784,3635.258426966292
785,3858.651685393258
786,4945.011235955056
787,3878.483146067416
788,4366.932584269663
789,4215.483146067416
790,2980.6629213483147
791,4305.606741573034
792,3653.651685393258
793,4401.685393258427
794,1867.067415730337
795,474.1573033707865
796,3548.9662921348317
797,1100.0337078651685
798,1069.314606741573
799,4489.213483146067
800,3426.258426966292
801,5127.168539325843
802,2038.2696629213483
803,4102.011235955056
804,623.876404494382
805,2034.2696629213483
806,4217.808988764045
807,3587.696629213483
808,532.5168539325842
809,3999.9775280898884
810,3960.2471910112363
811,4294.808988764045
812,4123.3258426966295
813,3490.685393258427
814,4322.483146067416
815,1923.9101123595506
816,2032.2696629213483
817,3262.606741573034
818,2223.7078651685397
819,3160.8876404494376
820,4499.651685393258
821,3981.9775280898884
822,4241.449438202247
823,4155.52808988764
824,3644.52808988764
825,2434.426966292135
826,1074.314606741573
827,3618.4943820224717
828,4334.213483146067
829,3985.3370786516853
830,3389.685393258427
831,4241.404494382023
832,4981.247191011236
833,4532.404494382023
834,741.2359550561797
835,3818.4044943820227
836,3495.52808988764
837,3666.685393258427
838,3967.4157303370794
839,3161.1011235955057
840,4915.966292134832
841,4431.76404494382
842,4313.808988764045
843,3343.8988764044943
844,3873.775280898876
845,1596.8314606741574
846,4340.775280898876
847,2721.2247191011234
848,4074.9662921348317
849,4512.3258426966295
850,4596.168539325843
851,4313.685393258427
852,4560.76404494382
853,4875.808988764045
854,4223.696629213483
855,4876.561797752809
856,3911.9325842696626
857,5093.966292134832
858,2561.741573033708
859,4152.61797752809
860,2902.775280898876
861,4698.292134831461
862,855.5955056179776
863,3147.179775280899
864,3714.8876404494376
865,2895.6629213483147
866,3436.2471910112363
867,4934.651685393258
868,4041.168539325843
869,2575.505617977528
870,4377.730337078652
871,3674.4494382022467
872,4464.404494382023
873,5231.044943820225
874,4394.730337078652
875,3512.044943820225
876,2627.865168539326
877,2370.067415730337
878,4618.685393258427
879,845.5955056179776
880,1770.3483146067415
881,3897.123595505618
882,3186.4606741573034
883,4251.123595505618
884,3386.9662921348317
885,4009.8426966292136
886,3353.1011235955057
887,4195.123595505618
888,1820.5505617977528
889,4132.247191011236
890,4029.4157303370794
891,2927.5842696629215
892,3771.044943820225
893,3887.730337078652
894,4462.932584269663
895,4392.85393258427
896,4104.404494382023
897,4104.056179775281
898,4290.85393258427
899,3720.123595505618
900,4047.2471910112363
901,1931.9101123595506
902,3469.4606741573034
903,3717.8988764044943
904,3034.6629213483147
905,3814.730337078652
906,3820.258426966292
907,2463.1460674157306
908,3383.1011235955057
909,4560.044943820225
910,1828.3483146067415
911,4266.044943820225
912,4500.123595505618
913,3413.52808988764
914,5177.887640449438
915,2262.7078651685397
916,4602.573033707865
917,3516.741573033708
918,2394.1460674157306
919,4292.123595505618
920,2980.303370786517
921,4625.089887640449
922,2445.2247191011234
923,2992.606741573034
924,4323.808988764045
925,4743.685393258427
926,3820.0561797752807
927,3813.9775280898884
928,4360.483146067416
929,3793.9775280898884
930,747.2359550561797
931,4311.730337078652
932,4275.483146067416
933,3327.3370786516853
934,3710.123595505618
935,4018.3258426966295
936,4851.808988764045
937,3971.8089887640454
938,3854.4044943820227
939,4935.3258426966295
940,3963.696629213483
941,3085.0224719101125
942,4244.370786516854
943,4141.292134831461
944,4863.168539325843
945,4853.370786516854
946,4693.966292134832
947,3950.573033707865
948,3895.3370786516853
949,4647.685393258427
950,3941.123595505618
951,4067.134831460674
952,3570.8539325842703
953,2567.505617977528
954,4612.808988764045
955,4410.044943820225
956,2862.1011235955057
957,4215.3258426966295
958,3265.4606741573034
959,2667.303370786517
960,1720.191011235955
961,4359.651685393258
962,3184.4606741573034
963,3931.3370786516853
964,3867.4044943820227
965,3714.696629213483
966,3959.4044943820227
967,4056.2471910112363
968,4100.3258426966295
969,3238.741573033708
970,3206.741573033708
971,3895.3258426966295
972,3579.685393258427
973,2034.2696629213483
974,3713.011235955056
975,4336.056179775281
976,3601.8876404494376
977,3934.696629213483
978,3668.179775280899
979,3868.483146067416
980,3906.52808988764
981,3343.741573033708
982,5180.887640449438
983,4271.887640449438
984,4154.213483146067
985,2173.3483146067415
986,3653.134831460674
987,4418.247191011236
988,3252.606741573034
989,4975.3258426966295
990,3667.685393258427
991,4127.404494382023
992,4922.123595505618
993,2212.7078651685397
994,3051.1011235955057
995,4056.9775280898884
996,3850.044943820225
997,4667.887640449438
998,3656.7640449438204
999,4601.213483146067
1000,4268.76404494382
1001,3652.52808988764
1002,1950.629213483146
1003,4044.573033707865
1004,3170.6629213483147
1005,5073.606741573034
1006,3476.179775280899
1007,4375.85393258427
1008,3884.3370786516853
1009,4699.730337078652
1010,1541.5842696629215
1011,4790.887640449438
1012,3579.61797752809
1013,4531.606741573034
1014,3276.5393258426966
1015,4295.573033707865
1016,4153.044943820225
1017,691.9550561797753
1018,1904.629213483146
1019,4303.3258426966295
1020,4123.292134831461
1021,4448.730337078652
1022,1795.9101123595506
1023,3688.8988764044943
1024,3600.134831460674
1025,3997.4943820224717
1026,4228.168539325843
1027,3958.044943820225
1028,4533.044943820225
1029,3146.1011235955057
1030,959.9550561797753
1031,3410.044943820225
1032,3668.089887640449
1033,4141.213483146067
1034,5167.685393258427
1035,4356.213483146067
1036,3444.1011235955057
1037,4171.123595505618
1038,2419.1460674157306
1039,4712.213483146067
1040,3992.775280898876
1041,1833.2696629213483
1042,3962.4494382022467
1043,4391.966292134832
1044,1423.4719101123594
1045,4127.449438202247
1046,4306.561797752809
1047,3759.685393258427
1048,3359.1011235955057
1049,4479.52808988764
1050,3556.696629213483
1051,4526.730337078652
1052,3297.8988764044943
1053,4216.292134831461
1054,3245.741573033708
1055,2943.2471910112363
1056,4385.370786516854
1057,2828.5842696629215
1058,3967.9775280898884
1059,2798.303370786517
1060,1769.2696629213483
1061,1501.1123595505617
1062,4396.134831460674
1063,4067.134831460674
1064,3056.303370786517
1065,4307.494382022472
1066,1920.3483146067415
1067,4222.932584269663
1068,3500.741573033708
1069,1918.9101123595506
1070,4158.415730337079
1071,2834.8539325842703
1072,4094.292134831461
1073,792.9550561797753
1074,4656.842696629214
1075,3788.7640449438204
1076,3796.3707865168544
1077,3412.179775280899
1078,4550.730337078652
1079,1593.8314606741574
1080,4887.573033707865
1081,3515.741573033708
1082,3188.741573033708
1083,3188.179775280899
1084,4891.966292134832
1085,4440.011235955056
1086,2968.741573033708
1087,3339.820224719101
1088,4917.3258426966295
1089,4358.651685393258
1090,3252.3707865168544
1091,3766.685393258427
1092,1881.629213483146
1093,3721.123595505618
1094,2852.52808988764
1095,2681.0561797752807
1096,4750.089887640449
1097,3896.52808988764
1098,2567.5842696629215
1099,3014.4606741573034
1100,4354.449438202247
1101,4145.247191011236
1102,4415.606741573034
1103,4136.52808988764
1104,4723.213483146067
1105,3549.3258426966295
1106,3699.61797752809
1107,3459.4606741573034
1108,3593.4494382022467
1109,3212.38202247191
1110,4134.449438202247
1111,4490.730337078652
1112,4890.3258426966295
1113,3869.685393258427
1114,3828.213483146067
1115,3974.044943820225
1116,4354.932584269663
1117,965.9550561797753
1118,3941.168539325843
1119,4387.404494382023
1120,3944.8539325842703
1121,3542.651685393258
1122,400.1573033707865
1123,4038.696629213483
1124,4700.370786516854
1125,3623.4157303370794
1126,4879.404494382023
1127,2725.2247191011234
1128,4480.483146067416
1129,4047.9775280898884
1130,4642.808988764045
1131,4503.011235955056
1132,3261.3707865168544
1133,3255.9775280898884
1134,2258.988764044944
1135,2593.067415730337
1136,4457.966292134832
1137,3272.179775280899
1138,1932.9101123595506
1139,4061.8426966292136
1140,4187.606741573034
1141,3888.8089887640454
1142,1827.2696629213483
1143,3076.258426966292
1144,3522.685393258427
1145,2919.303370786517
1146,2141.629213483146
1147,2118.3483146067415
1148,1935.9101123595506
1149,3547.4044943820227
1150,2666.168539325843
1151,3893.011235955056
1152,1811.5505617977528
1153,4668.044943820225
1154,2779.303370786517
1155,4323.573033707865
1156,2380.1460674157306
1157,3923.213483146067
1158,4702.3258426966295
1159,3698.9662921348317
1160,3747.0561797752807
1161,4234.415730337079
1162,4321.123595505618
1163,4376.404494382023
1164,474.1573033707865
1165,3416.179775280899
1166,3161.38202247191
1167,3792.8089887640454
1168,2451.1460674157306
1169,4369.134831460674
1170,4177.089887640449
1171,4482.842696629214
1172,5154.966292134832
1173,1183.6741573033707
1174,3755.8876404494376
1175,2661.1460674157306
1176,3406.1011235955057
1177,4192.247191011236
1178,3591.61797752809
1179,4082.3370786516853
1180,4167.011235955056
1181,1979.3483146067415
1182,2650.2247191011234
1183,2532.426966292135
1184,4599.606741573034
1185,1877.629213483146
1186,3921.258426966292
1187,4255.606741573034
1188,5473.247191011236
1189,3999.775280898876
1190,4285.775280898876
1191,855.5955056179776
1192,4262.932584269663
1193,1584.8314606741574
1194,3478.4606741573034
1195,4488.606741573034
1196,851.5955056179776
1197,4118.85393258427
1198,4416.85393258427
1199,5366.52808988764
1200,3405.4943820224717
1201,960.9550561797753
1202,4016.044943820225
1203,1817.5505617977528
1204,855.5955056179776
1205,3789.7640449438204
1206,1698.191011235955
1207,3890.7640449438204
1208,4530.606741573034
1209,3926.011235955056
1210,2399.5842696629215
1211,623.876404494382
1212,3666.044943820225
1213,4602.651685393258
1214,1931.9101123595506
1215,4693.606741573034
1216,2046.9887640449442
1217,4439.932584269663
1218,3117.38202247191
1219,4679.966292134832
1220,739.2359550561797
1221,2793.303370786517
1222,4159.056179775281
1223,4227.494382022472
1224,3898.134831460674
1225,2146.629213483146
1226,3296.3258426966295
1227,4388.932584269663
1228,3469.4606741573034
1229,3908.134831460674
1230,4244.494382022472
1231,4393.85393258427
1232,3188.741573033708
1233,3110.820224719101
1234,3023.606741573034
1235,3724.8876404494376
1236,1386.1123595505617
1237,5043.808988764045
1238,4338.685393258427
1239,4337.730337078652
1240,3725.089887640449
1241,4549.573033707865
1242,5045.808988764045
1243,3917.011235955056
1244,3201.5393258426966
1245,3607.9775280898884
1246,4634.651685393258
1247,3624.2471910112363
1248,3226.38202247191
1249,3354.1011235955057
1250,3737.52808988764
1251,4715.213483146067
1252,1994.9887640449442
1253,1183.6741573033707
1254,1475.4719101123594
1255,4105.404494382023
1256,4239.52808988764
1257,4120.292134831461
1258,3051.0224719101125
1259,4123.247191011236
1260,4525.76404494382
1261,3946.134831460674
1262,5043.606741573034
1263,1181.6741573033707
1264,4863.168539325843
1265,4669.932584269663
1266,3861.3370786516853
1267,3289.4606741573034
1268,3957.123595505618
1269,4488.011235955056
1270,847.5955056179776
1271,4152.168539325843
1272,4025.52808988764
1273,3640.5393258426966
1274,3393.730337078652
1275,4127.730337078652
1276,3240.4157303370794
1277,4093.044943820225
1278,4111.977528089888
1279,4646.651685393258
1280,2521.1460674157306
1281,4884.651685393258
1282,4078.651685393258
1283,2840.5842696629215
1284,5071.247191011236
1285,474.1573033707865
1286,4213.696629213483
1287,3414.820224719101
1288,3950.685393258427
1289,4175.213483146067
1290,4417.415730337079
1291,2778.303370786517
1292,3582.7640449438204
1293,2344.5842696629215
1294,3920.213483146067
1295,1541.5505617977528
1296,3823.134831460674
1297,3818.9662921348317
1298,4229.370786516854
1299,3530.134831460674
1300,4648.842696629214
1301,4864.483146067416
1302,3614.258426966292
1303,4515.202247191011
1304,4687.685393258427
1305,1346.752808988764
1306,2154.629213483146
1307,3043.61797752809
1308,3662.8876404494376
1309,3560.820224719101
1310,2860.61797752809
1311,963.9550561797753
1312,4483.606741573034
1313,4062.651685393258
1314,4587.52808988764
1315,4035.3258426966295
1316,3769.4044943820227
1317,3883.0561797752807
1318,3750.3258426966295
1319,3237.741573033708
1320,4618.966292134832
1321,5088.292134831461
1322,4081.696629213483
1323,4822.52808988764
1324,3538.3370786516853
1325,4425.213483146067
1326,2967.52808988764
1327,4627.966292134832
1328,3704.61797752809
1329,3921.4157303370794
1330,1383.1123595505617
1331,886.5955056179776
1332,4003.4157303370794
1333,3478.4606741573034
1334,3739.4044943820227
1335,4179.044943820225
1336,3429.8988764044943
1337,3841.5393258426966
1338,4693.370786516854
1339,94.7191011235955
1340,4332.404494382023
1341,3552.5393258426966
1342,2671.1460674157306
1343,3784.089887640449
1344,3614.044943820225
1345,3848.4494382022467
1346,4234.247191011236
1347,3130.38202247191
1348,4065.483146067416
1349,3152.011235955056
1350,3630.3258426966295
1351,4433.415730337079
1352,2359.505617977528
1353,3952.730337078652
1354,3188.0224719101125
1355,4360.247191011236
1356,4333.887640449438
1357,4051.775280898876
1358,3785.9325842696626
1359,3062.6629213483147
1360,4205.415730337079
1361,3988.8988764044943
1362,4388.044943820225
1363,3816.011235955056
1364,4521.089887640449
1365,4490.168539325843
1366,3205.6629213483147
1367,1482.4719101123594
1368,4490.651685393258
1369,2518.505617977528
1370,4015.573033707865
1371,4077.9775280898884
1372,3431.9662921348317
1373,4360.808988764045
1374,4285.168539325843
1375,3744.258426966292
1376,4153.966292134832
1377,4157.213483146067
1378,4958.449438202247
1379,4688.483146067416
1380,3769.775280898876
1381,4582.483146067416
1382,2769.505617977528
1383,4082.573033707865
1384,3582.4494382022467
1385,3874.089887640449
1386,644.876404494382
1387,4375.044943820225
1388,3851.292134831461
1389,2732.2247191011234
1390,4126.85393258427
1391,3988.123595505618
1392,1822.5505617977528
1393,4402.168539325843
1394,4207.494382022472
1395,4174.887640449438
1396,4810.730337078652
1397,1970.7078651685397
1398,4531.3258426966295
1399,2610.865168539326
1400,4099.842696629214
1401,3921.9325842696626
1402,4665.52808988764
1403,5267.404494382023
1404,4069.089887640449
1405,4228.449438202247
1406,3770.775280898876
1407,2309.7865168539324
1408,4056.0561797752807
1409,3686.4943820224717
1410,4270.292134831461
1411,1985.9887640449442
1412,3764.4494382022467
1413,4567.932584269663
1414,3611.3258426966295
1415,3817.696629213483
1416,740.2359550561797
1417,4146.123595505618
1418,3818.8089887640454
1419,626.876404494382
1420,4433.213483146067
1421,985.6741573033707
1422,4430.404494382023
1423,1184.6741573033707
1424,4321.044943820225
1425,4250.247191011236
1426,2329.067415730337
1427,4191.044943820225
1428,4152.247191011236
1429,4480.292134831461
1430,5193.044943820225
1431,4576.292134831461
1432,4016.213483146067
1433,4226.337078651685
1434,4112.932584269663
1435,3342.8876404494376
1436,1542.191011235955
1437,4877.52808988764
1438,4130.651685393258
1439,4127.337078651685
1440,4478.044943820225
1441,5052.606741573034
1442,3446.820224719101
1443,3791.2471910112363
1444,1847.2696629213483
1445,1436.1123595505617
1446,4568.292134831461
1447,2326.067415730337
1448,3761.011235955056
1449,4808.887640449438
1450,4719.247191011236
1451,4347.056179775281
1452,4102.651685393258
1453,3483.4494382022467
1454,4823.089887640449
1455,3644.179775280899
1456,1680.5505617977528
1457,4036.651685393258
1458,3580.5393258426966
1459,4188.696629213483
1460,3411.38202247191
1461,3496.8988764044943
1462,1495.4719101123594
1463,3739.4044943820227
1464,3166.6629213483147
1465,3954.3707865168544
1466,3878.483146067416
1467,4259.3258426966295
1468,3460.4943820224717
1469,4748.168539325843
1470,4136.134831460674
1471,3358.3707865168544
1472,2725.2247191011234
1473,3524.4044943820227
1474,3075.820224719101
1475,4755.606741573034
1476,3916.3370786516853
1477,4305.292134831461
1478,3843.044943820225
1479,2449.2247191011234
1480,3280.134831460674
1481,3384.258426966292
1482,3856.292134831461
1483,3792.9775280898884
1484,3813.8876404494376
1485,3776.775280898876
1486,3138.1011235955057
1487,2609.7865168539324
1488,4465.123595505618
1489,1991.9887640449442
1490,3694.61797752809
1491,3941.123595505618
1492,4104.85393258427
1493,3507.8876404494376
1494,4444.089887640449
1495,4226.696629213483
1496,4698.52808988764
1497,3343.1011235955057
1498,4364.449438202247
1499,3670.775280898876
1500,3800.0561797752807
1501,4426.247191011236
1502,2176.426966292135
1503,4203.449438202247
1504,623.876404494382
1505,4671.449438202247
1506,3117.1011235955057
1507,405.1573033707865
1508,3524.696629213483
1509,4649.044943820225
1510,3294.820224719101
1511,3568.8876404494376
1512,4328.85393258427
1513,2626.865168539326
1514,3888.52808988764
1515,2983.943820224719
1516,4889.011235955056
1517,4180.370786516854
1518,4006.61797752809
1519,2932.179775280899
1520,4538.404494382023
1521,1873.5505617977528
1522,3580.3258426966295
1523,965.9550561797753
1524,747.2359550561797
1525,4885.404494382023
1526,4494.966292134832
1527,4278.370786516854
1528,3684.179775280899
1529,4439.168539325843
1530,1184.6741573033707
1531,4039.8426966292136
1532,5245.483146067416
1533,3928.9775280898884
1534,3617.044943820225
1535,3868.4157303370794
1536,3952.134831460674
1537,4805.123595505618
1538,1974.9887640449442
1539,4493.52808988764
1540,3350.8988764044943
1541,3755.179775280899
1542,2760.303370786517
1543,3855.9775280898884
1544,509.51685393258424
1545,4363.483146067416
1546,2196.6629213483147
1547,4750.404494382023
1548,4198.168539325843
1549,3225.741573033708
1550,3978.011235955056
1551,4677.247191011236
1552,94.7191011235955
1553,3359.1011235955057
1554,1027.0337078651685
1555,4843.044943820225
1556,3984.775280898876
1557,718.5955056179776
1558,4259.85393258427
1559,2322.067415730337
1560,633.876404494382
1561,4601.887640449438
1562,3939.4943820224717
1563,4401.52808988764
1564,1630.3483146067415
1565,4612.651685393258
1566,4997.404494382023
1567,3569.9662921348317
1568,1622.8314606741574
1569,2755.943820224719
1570,1182.6741573033707
1571,4054.483146067416
1572,2512.089887640449
1573,3705.9662921348317
1574,3403.1011235955057
1575,4067.483146067416
1576,3994.9775280898884
1577,4043.213483146067
1578,3860.2471910112363
1579,4041.483146067416
1580,1757.9887640449442
1581,4856.3258426966295
1582,4804.123595505618
1583,3966.4044943820227
1584,4397.168539325843
1585,3910.483146067416
1586,3926.696629213483
1587,1631.8314606741574
1588,4447.370786516854
1589,2966.213483146067
1590,1187.6741573033707
1591,3002.2247191011234
1592,4735.044943820225
1593,3361.8988764044943
1594,4707.932584269663
1595,3411.5393258426966
1596,4697.76404494382
1597,3130.213483146067
1598,4075.775280898876
1599,4318.775280898876
1600,4237.213483146067
1601,1989.9887640449442
1602,2939.011235955056
1603,5184.247191011236
1604,4024.4044943820227
1605,4368.651685393258
1606,3174.6629213483147
1607,2762.505617977528
1608,4200.134831460674
1609,2163.629213483146
1610,3176.6629213483147
1611,3704.179775280899
1612,2557.7865168539324
1613,1740.191011235955
1614,1988.9887640449442
1615,3582.044943820225
1616,5287.044943820225
1617,4435.168539325843
1618,3946.7640449438204
1619,3674.179775280899
1620,5096.089887640449
1621,3330.4606741573034
1622,4395.3258426966295
1623,2230.505617977528
1624,1204.3932584269662
1625,3843.3370786516853
1626,3446.089887640449
1627,3041.5393258426966
1628,3780.044943820225
1629,5077.168539325843
1630,5098.887640449438
1631,5157.168539325843
1632,4649.292134831461
1633,3497.8988764044943
1634,3173.6629213483147
1635,4133.056179775281
1636,4414.808988764045
1637,4538.685393258427
1638,4532.775280898876
1639,4831.168539325843
1640,3307.820224719101
1641,3823.168539325843
1642,4038.4044943820227
1643,4458.011235955056
1644,3746.4943820224717
1645,2267.426966292135
1646,3495.3707865168544
1647,3290.651685393258
1648,4035.123595505618
1649,4462.730337078652
1650,4528.966292134832
1651,3404.179775280899
1652,4369.168539325843
1653,3698.213483146067
1654,1696.191011235955
1655,3730.3258426966295
1656,4651.404494382023
1657,3223.1011235955057
1658,624.876404494382
1659,4211.044943820225
1660,4650.123595505618
1661,1534.4719101123594
1662,4230.011235955056
1663,4502.808988764045
1664,2039.067415730337
1665,3670.685393258427
1666,4224.842696629214
1667,4034.606741573034
1668,3898.573033707865
1669,1814.5505617977528
1670,1787.9101123595506
1671,1504.191011235955
1672,3419.3258426966295
1673,4383.134831460674
1674,4560.808988764045
1675,4494.415730337079
1676,4766.606741573034
1677,2157.426966292135
1678,3111.1011235955057
1679,3137.3370786516853
1680,4811.561797752809
1681,3459.61797752809
1682,4050.52808988764
1683,3140.303370786517
1684,3506.9662921348317
1685,3242.089887640449
1686,3847.044943820225
1687,5009.247191011236
1688,3650.8988764044943
1689,1602.8314606741574
1690,3820.775280898876
1691,2559.5842696629215
1692,4043.8539325842703
1693,3591.2471910112363
1694,1704.191011235955
1695,4791.123595505618
1696,4341.404494382023
1697,4677.932584269663
1698,5112.685393258427
1699,3489.3258426966295
1700,4160.449438202247
1701,4692.123595505618
1702,3740.123595505618
1703,4581.449438202247
1704,4053.775280898876
1705,4202.808988764045
1706,2470.2247191011234
1707,3628.179775280899
1708,3477.9775280898884
1709,2311.067415730337
1710,3567.820224719101
1711,1302.0337078651685
1712,3816.3370786516853
1713,3517.8539325842703
1714,2167.426966292135
1715,4251.134831460674
1716,1181.6741573033707
1717,3755.179775280899
1718,3603.213483146067
1719,3850.4157303370794
1720,2003.067415730337
1721,4238.52808988764
1722,1879.629213483146
1723,4375.685393258427
1724,3840.3370786516853
1725,4484.404494382023
1726,3854.7640449438204
1727,4977.3258426966295
1728,844.5955056179776
1729,2864.1011235955057
1730,1696.191011235955
1731,3630.123595505618
1732,958.9550561797753
1733,4409.044943820225
1734,3954.685393258427
1735,4373.3258426966295
1736,4401.685393258427
1737,3605.5393258426966
1738,4684.651685393258
1739,4514.52808988764
1740,3723.292134831461
1741,3977.3258426966295
1742,3957.52808988764
1743,1921.9101123595506
1744,4942.168539325843
1745,4172.168539325843
1746,4864.606741573034
1747,3928.8089887640454
1748,4755.2808988764045
1749,3959.044943820225
1750,4368.76404494382
1751,4131.775280898876
1752,3728.820224719101
1753,3331.5393258426966
1754,2964.943820224719
1755,3732.4044943820227
1756,4002.4494382022467
1757,3994.3258426966295
1758,2756.741573033708
1759,3916.9325842696626
1760,3921.696629213483
1761,3943.8089887640454
1762,2153.629213483146
1763,3458.3258426966295
1764,3783.8539325842703
1765,2367.067415730337
1766,4643.044943820225
1767,3734.258426966292
1768,4531.887640449438
1769,2141.629213483146
1770,4263.775280898876
1771,4229.887640449438
1772,1353.4719101123594
1773,957.9550561797753
1774,3423.179775280899
1775,4434.842696629214
1776,4001.011235955056
1777,732.2359550561797
1778,2236.505617977528
1779,3901.134831460674
1780,4440.651685393258
1781,1415.8314606741574
1782,2761.258426966292
1783,2955.943820224719
1784,4906.808988764045
1785,4023.044943820225
1786,3500.9775280898884
1787,4845.123595505618
1788,4997.044943820225
1789,1076.314606741573
1790,3970.134831460674
1791,3593.7640449438204
1792,4198.696629213483
1793,3758.8988764044943
1794,3142.9325842696626
1795,3050.38202247191
1796,2789.505617977528
1797,2800.730337078652
1798,3710.606741573034
1799,4956.168539325843
1800,3505.044943820225
1801,3730.606741573034
1802,3571.2471910112363
1803,3188.4606741573034
1804,3034.820224719101
1805,3206.258426966292
1806,3773.7640449438204
1807,4116.887640449438
1808,3861.573033707865
1809,4855.168539325843
1810,3017.0224719101125
1811,3981.775280898876
1812,4288.52808988764
1813,4196.494382022472
1814,2608.505617977528
1815,4125.52808988764
1816,4131.606741573034
1817,1187.6741573033707
1818,3292.0224719101125
1819,4251.85393258427
1820,4345.606741573034
1821,4216.696629213483
1822,2457.426966292135
1823,4726.449438202247
1824,2230.2247191011234
1825,920.6741573033707
1826,3784.123595505618
1827,3946.8988764044943
1828,4637.089887640449
1829,4586.089887640449
1830,4022.8539325842703
1831,4379.123595505618
1832,3497.1011235955057
1833,4423.651685393258
1834,515.5168539325842
1835,1069.314606741573
1836,921.6741573033707
1837,3228.4157303370794
1838,3637.8988764044943
1839,394.876404494382
1840,3242.741573033708
1841,4029.4044943820227
1842,3328.741573033708
1843,3547.606741573034
1844,4641.966292134832
1845,4255.685393258427
1846,3843.4044943820227
1847,4088.52808988764
1848,3775.775280898876
1849,3533.3370786516853
1850,4169.3258426966295
1851,3610.4157303370794
1852,4402.966292134832
1853,4421.134831460674
1854,4462.044943820225
1855,4904.606741573034
1856,2357.067415730337
1857,2416.1460674157306
1858,4004.651685393258
1859,4228.123595505618
1860,4268.370786516854
1861,3579.820224719101
1862,3852.4943820224717
1863,4607.573033707865
1864,3170.6629213483147
1865,5301.123595505618
1866,3965.4044943820227
1867,2806.1011235955057
1868,4367.292134831461
1869,1183.3932584269662
1870,4743.123595505618
1871,4213.3258426966295
1872,1929.9101123595506
1873,4995.168539325843
1874,4425.213483146067
1875,3918.685393258427
1876,4217.134831460674
1877,4233.696629213483
1878,2389.1460674157306
1879,3781.8876404494376
1880,3713.4494382022467
1881,4461.292134831461
1882,3593.2471910112363
1883,4445.213483146067
1884,1713.191011235955
1885,3350.741573033708
1886,4168.887640449438
1887,4652.887640449438
1888,3018.9325842696626
1889,4199.932584269663
1890,1299.0337078651685
1891,2048.067415730337
1892,3431.179775280899
1893,4140.247191011236
1894,4494.449438202247
1895,3626.685393258427
1896,2437.426966292135
1897,2096.3483146067415
1898,1815.5505617977528
1899,3255.741573033708
1900,4794.089887640449
1901,4164.887640449438
1902,4026.8426966292136
1903,1193.6741573033707
1904,4375.044943820225
1905,1922.9101123595506
1906,4278.494382022472
1907,4359.449438202247
1908,1706.191011235955
1909,3321.4943820224717
1910,3981.011235955056
1911,3757.3707865168544
1912,3560.9662921348317
1913,2610.865168539326
1914,2555.943820224719
1915,3240.741573033708
1916,1355.1123595505617
1917,1302.0337078651685
1918,4792.3258426966295
1919,3735.820224719101
1920,4340.887640449438
1921,3971.4494382022467
1922,3070.38202247191
1923,4004.8876404494376
1924,3583.9775280898884
1925,4331.932584269663
1926,3936.61797752809
1927,4234.134831460674
1928,4069.123595505618
1929,3979.3258426966295
1930,4797.651685393258
1931,3371.8988764044943
1932,2843.5842696629215
1933,2765.865168539326
1934,3720.775280898876
1935,4441.730337078652
1936,1992.7078651685397
1937,3342.1011235955057
1938,2472.2247191011234
1939,3594.4157303370794
1940,3636.4044943820227
1941,4070.2022471910113
1942,3874.134831460674
1943,2650.1460674157306
1944,2848.303370786517
1945,4424.887640449438
1946,5101.3258426966295
1947,94.7191011235955
1948,3045.6629213483147
1949,1678.5505617977528
1950,3992.011235955056
1951,4850.168539325843
1952,3597.168539325843
1953,3644.2471910112363
1954,2982.5393258426966
1955,3877.123595505618
1956,4821.808988764045
1957,2194.7865168539324
1958,1191.6741573033707
1959,3997.9662921348317
1960,2924.8988764044943
1961,4614.573033707865
1962,4014.011235955056
1963,4643.887640449438
1964,1827.5505617977528
1965,3273.3707865168544
1966,3821.573033707865
1967,1079.314606741573
1968,3811.123595505618
1969,4004.9662921348317
1970,2196.3483146067415
1971,3973.011235955056
1972,2872.0224719101125
1973,3363.292134831461
1974,3740.4157303370794
1975,4971.966292134832
1976,2032.2696629213483
1977,4697.370786516854
1978,4106.404494382023
1979,5207.966292134832
1980,2595.4494382022467
1981,848.5955056179776
1982,3413.606741573034
1983,747.5955056179776
1984,3990.8426966292136
1985,1809.5505617977528
1986,1810.5505617977528
1987,3064.1011235955057
1988,4272.606741573034
1989,2781.505617977528
1990,3787.258426966292
1991,2185.067415730337
1992,2640.505617977528
1993,4408.089887640449
1994,3007.5393258426966
1995,4556.85393258427
1996,3263.4606741573034
1997,4100.415730337079
1998,3283.292134831461
1999,2581.5842696629215
2000,3113.179775280899
2001,2971.213483146067
2002,3248.179775280899
2003,4247.3258426966295
2004,4077.4494382022467
2005,4306.056179775281
2006,3743.179775280899
2007,1902.2696629213483
2008,4987.449438202247
2009,3312.4943820224717
2010,3040.3370786516853
2011,1369.8314606741574
2012,4029.3258426966295
2013,4200.966292134832
2014,1069.314606741573
2015,3034.9662921348317
2016,4208.011235955056
2017,3687.179775280899
2018,3988.9775280898884
2019,3697.213483146067
2020,1182.6741573033707
2021,2845.5842696629215
2022,3763.651685393258
2023,4175.76404494382
2024,3207.258426966292
2025,4422.76404494382
2026,1948.9101123595506
2027,4929.123595505618
2028,4164.404494382023
2029,4395.651685393258
2030,4640.247191011236
2031,4720.730337078652
2032,3018.3707865168544
2033,4560.247191011236
2034,5050.089887640449
2035,2896.303370786517
2036,4507.932584269663
2037,4937.842696629214
2038,1712.5505617977528
2039,3898.483146067416
2040,2521.1460674157306
2041,3611.7640449438204
2042,4944.606741573034
2043,3169.8988764044943
2044,1106.0337078651685
2045,3758.4494382022467
2046,4862.52808988764
2047,4623.3258426966295
2048,2563.7865168539324
2049,4479.044943820225
2050,3368.5393258426966
2051,4598.011235955056
2052,3200.179775280899
2053,4482.606741573034
2054,4018.3707865168544
2055,4616.168539325843
2056,5066.089887640449
2057,4398.730337078652
2058,2202.3483146067415
2059,3138.52808988764
2060,2451.426966292135
2061,3857.2471910112363
2062,4202.213483146067
2063,3352.685393258427
2064,4121.292134831461
2065,4226.561797752809
2066,3143.606741573034
2067,4897.404494382023
2068,3830.134831460674
2069,3570.0561797752807
2070,4648.842696629214
2071,3469.2471910112363
2072,3948.2471910112363
2073,4186.415730337079
2074,4867.168539325843
2075,4477.3258426966295
2076,3980.213483146067
2077,2696.943820224719
2078,3290.0224719101125
2079,2780.505617977528
2080,3643.7640449438204
2081,4256.3258426966295
2082,1473.4719101123594
2083,4705.730337078652
2084,4685.044943820225
2085,4182.202247191011
2086,2467.2247191011234
2087,4728.011235955056
2088,3808.606741573034
2089,5065.887640449438
2090,3673.685393258427
2091,3589.044943820225
2092,3691.4044943820227
2093,4473.730337078652
2094,4266.044943820225
2095,3925.4157303370794
2096,4317.089887640449
2097,3241.8988764044943
2098,4391.932584269663
2099,3414.730337078652
2100,4814.3258426966295
2101,3388.38202247191
2102,3013.3370786516853
2103,3787.4044943820227
2104,3927.606741573034
2105,2203.7078651685397
2106,350.7977528089888
2107,3944.61797752809
2108,3938.7640449438204
2109,4454.52808988764
2110,2238.7078651685397
2111,4249.292134831461
2112,3756.011235955056
2113,5052.404494382023
2114,3855.606741573034
2115,3110.6629213483147
2116,3800.089887640449
2117,3966.483146067416
2118,2194.7078651685397
2119,3781.8988764044943
2120,3531.292134831461
2121,4084.4044943820227
2122,3671.8876404494376
2123,3935.4157303370794
2124,4186.292134831461
2125,4065.0561797752807
2126,2438.426966292135
2127,4728.168539325843
2128,4796.685393258427
2129,5005.011235955056
2130,2964.741573033708
2131,3676.730337078652
2132,4464.966292134832
2133,4517.730337078652
2134,5124.123595505618
2135,4287.561797752809
2136,4392.573033707865
2137,3729.044943820225
2138,4744.730337078652
2139,959.9550561797753
2140,3873.730337078652
2141,4269.573033707865
2142,628.876404494382
2143,1099.314606741573
2144,4290.292134831461
2145,4981.808988764045
2146,3857.9662921348317
2147,976.6741573033707
2148,3298.741573033708
2149,94.7191011235955
2150,3974.9325842696626
2151,3790.3258426966295
2152,4387.966292134832
2153,4025.0561797752807
2154,3267.741573033708
2155,2970.943820224719
2156,1946.7078651685397
2157,5228.011235955056
2158,2247.426966292135
2159,4243.606741573034
2160,1744.7078651685397
2161,3849.089887640449
2162,5414.808988764045
2163,1586.8314606741574
2164,4138.483146067416
2165,4547.932584269663
2166,4052.3707865168544
2167,1476.4719101123594
2168,3780.258426966292
2169,2260.7865168539324
2170,4316.011235955056
2171,3601.9775280898884
2172,3169.6629213483147
2173,3394.820224719101
2174,1697.191011235955
2175,4178.606741573034
2176,4303.404494382023
2177,3822.4943820224717
2178,4671.651685393258
2179,3890.483146067416
2180,3124.213483146067
2181,3710.123595505618
2182,3977.134831460674
2183,2736.303370786517
2184,3800.8539325842703
2185,4180.3258426966295
2186,3743.123595505618
2187,4465.3258426966295
2188,3425.011235955056
2189,3571.044943820225
2190,4464.966292134832
2191,4388.887640449438
2192,2474.2247191011234
2193,3998.685393258427
2194,1182.6741573033707
2195,2503.505617977528
2196,1826.5505617977528
2197,3839.8876404494376
2198,2682.9775280898884
2199,3503.179775280899
2200,3409.9325842696626
2201,1726.9101123595506
2202,3064.303370786517
2203,4187.370786516854
2204,4705.3258426966295
2205,4646.651685393258
2206,3705.3370786516853
2207,1057.6741573033707
2208,4926.730337078652
2209,849.5955056179776
2210,4997.044943820225
2211,1403.1123595505617
2212,3454.8988764044943
2213,3787.258426966292
2214,3821.4157303370794
2215,3981.775280898876
2216,2767.505617977528
2217,1191.3932584269662
2218,3913.2471910112363
2219,3668.61797752809
2220,4766.123595505618
2221,3804.134831460674
2222,956.9550561797753
2223,4024.089887640449
2224,3787.5393258426966
2225,2958.741573033708
2226,639.876404494382
2227,3857.9775280898884
2228,3783.7640449438204
2229,3522.4494382022467
2230,4526.202247191011
2231,4305.370786516854
2232,1305.0337078651685
2233,3745.61797752809
2234,4252.202247191011
2235,3832.9325842696626
2236,3956.606741573034
2237,1960.4269662921351
2238,4454.134831460674
2239,1699.191011235955
2240,2204.7078651685397
2241,5085.685393258427
2242,4286.606741573034
2243,5104.123595505618
2244,4566.685393258427
2245,2557.7865168539324
2246,3513.741573033708
2247,4333.404494382023
2248,737.2359550561797
2249,893.0337078651685
2250,4122.932584269663
2251,3777.9662921348317
2252,2810.2247191011234
2253,4432.730337078652
2254,4330.52808988764
2255,3340.820224719101
2256,3469.258426966292
2257,3220.741573033708
2258,3169.1011235955057
2259,850.5955056179776
2260,4393.089887640449
2261,1602.8314606741574
2262,3947.696629213483
2263,4346.651685393258
2264,4174.730337078652
2265,3912.483146067416
2266,3391.4943820224717
2267,2817.2247191011234
2268,2355.865168539326
2269,3906.8988764044943
2270,3675.9662921348317
2271,3508.52808988764
2272,2849.820224719101
2273,4668.606741573034
2274,5178.52808988764
2275,4883.966292134832
2276,627.876404494382
2277,4482.651685393258
2278,3355.213483146067
2279,4926.044943820225
2280,4040.8539325842703
2281,3708.9325842696626
2282,3736.696629213483
2283,3989.7640449438204
2284,4574.123595505618
2285,4856.044943820225
2286,4282.483146067416
2287,3938.52808988764
2288,4521.966292134832
2289,4623.573033707865
2290,3917.044943820225
2291,2531.213483146067
2292,2334.067415730337
2293,4115.76404494382
2294,4614.168539325843
2295,4592.123595505618
2296,3823.8089887640454
2297,4623.685393258427
2298,4727.247191011236
2299,2838.38202247191
2300,1802.5505617977528
2301,3753.7640449438204
2302,4388.3258426966295
2303,3773.52808988764
2304,4433.213483146067
2305,3782.9775280898884
2306,3919.685393258427
2307,3856.4044943820227
2308,4509.213483146067
2309,3535.179775280899
2310,3726.044943820225
2311,4198.842696629214
2312,4064.044943820225
2313,3880.4044943820227
2314,1207.3932584269662
2315,4237.292134831461
2316,4154.044943820225
2317,5147.044943820225
2318,1485.4719101123594
2319,3896.651685393258
2320,3890.213483146067
2321,4293.887640449438
2322,3486.011235955056
2323,4547.685393258427
2324,2327.067415730337
2325,3925.044943820225
2326,1706.191011235955
2327,4536.089887640449
2328,2538.7865168539324
2329,5074.921348314607
2330,4342.483146067416
2331,4486.685393258427
2332,2836.5842696629215
2333,4045.123595505618
2334,4735.932584269663
2335,4496.404494382023
2336,4743.044943820225
2337,1727.191011235955
2338,3850.0561797752807
2339,3603.179775280899
2340,4675.685393258427
2341,3461.011235955056
2342,514.5168539325842
2343,4042.8089887640454
2344,4441.370786516854
2345,4025.696629213483
2346,3089.9662921348317
2347,4748.52808988764
2348,3494.213483146067
2349,553.5168539325842
2350,4211.370786516854
2351,3066.303370786517
2352,4820.932584269663
2353,3912.573033707865
2354,3936.606741573034
2355,851.5955056179776
2356,4683.651685393258
2357,3820.258426966292
2358,3900.3258426966295
2359,2582.1460674157306
2360,3005.6629213483147
2361,1814.5505617977528
2362,2946.943820224719
2363,3491.1011235955057
2364,4326.404494382023
2365,4741.966292134832
2366,2486.426966292135
2367,4802.685393258427
2368,2716.2247191011234
2369,4980.404494382023
2370,3309.8876404494376
2371,4121.808988764045
2372,1720.9101123595506
2373,3003.4494382022467
2374,3797.5393258426966
2375,3204.1011235955057
2376,3978.4494382022467
2377,4125.85393258427
2378,4833.966292134832
2379,5116.123595505618
2380,4018.775280898876
2381,3822.696629213483
2382,1094.0337078651685
2383,3938.123595505618
2384,4491.3258426966295
2385,1071.314606741573
2386,3092.0224719101125
2387,4316.808988764045
2388,3191.820224719101
2389,3860.61797752809
2390,3503.0561797752807
2391,2828.5842696629215
2392,4955.168539325843
2393,2888.38202247191
2394,2879.865168539326
2395,3977.213483146067
2396,3962.8426966292136
2397,623.876404494382
2398,4058.9662921348317
2399,2507.426966292135
2400,966.9550561797753
2401,4127.247191011236
2402,3983.606741573034
2403,848.5955056179776
2404,2355.067415730337
2405,4929.76404494382
2406,4337.932584269663
2407,1583.8314606741574
2408,4111.3258426966295
2409,4138.404494382023
2410,2925.5842696629215
2411,2770.179775280899
2412,4280.932584269663
2413,2619.865168539326
2414,4504.808988764045
2415,4385.730337078652
2416,3942.292134831461
2417,3472.4606741573034
2418,1703.191011235955
2419,2205.7078651685397
2420,4587.3258426966295
2421,4750.730337078652
2422,3787.685393258427
2423,849.5955056179776
2424,4063.8539325842703
2425,4396.089887640449
2426,4314.168539325843
2427,4649.651685393258
2428,942.314606741573
2429,1418.191011235955
2430,623.876404494382
2431,4369.404494382023
2432,3248.5393258426966
2433,4304.483146067416
2434,3691.730337078652
2435,4620.921348314607
2436,4171.685393258427
2437,3457.61797752809
2438,4785.842696629214
2439,4106.494382022472
2440,4836.685393258427
2441,2581.7865168539324
2442,3473.292134831461
2443,4087.3370786516853
2444,4092.089887640449
2445,2379.303370786517
2446,3374.8988764044943
2447,2215.7078651685397
2448,4254.3258426966295
2449,3161.011235955056
2450,3930.8426966292136
2451,3692.9662921348317
2452,4346.651685393258
2453,3918.7640449438204
2454,4025.8089887640454
2455,3112.696629213483
2456,4281.977528089888
2457,4058.168539325843
2458,4493.932584269663
2459,3180.6629213483147
2460,3954.292134831461
2461,4640.202247191011
2462,4307.606741573034
2463,3232.8089887640454
2464,2543.7865168539324
2465,3866.3370786516853
2466,1811.5505617977528
2467,3934.9662921348317
2468,3499.9775280898884
2469,3386.5393258426966
2470,4376.404494382023
2471,4568.52808988764
2472,4341.730337078652
2473,3961.292134831461
2474,4773.404494382023
2475,4718.808988764045
2476,1250.752808988764
2477,964.9550561797753
2478,4436.213483146067
2479,3486.651685393258
2480,3495.4606741573034
2481,4413.168539325843
2482,3664.8988764044943
2483,3596.4157303370794
2484,979.9550561797753
2485,1069.314606741573
2486,4632.011235955056
2487,3702.292134831461
2488,3942.4943820224717
2489,4240.730337078652
2490,4610.561797752809
2491,626.876404494382
2492,3853.292134831461
2493,2339.505617977528
2494,4155.606741573034
2495,2901.6629213483147
2496,2550.7865168539324
2497,3017.3370786516853
2498,4282.887640449438
2499,2831.2471910112363
2500,4446.011235955056
2501,2495.505617977528
2502,4545.123595505618
2503,4782.044943820225
2504,1600.8314606741574
2505,3173.179775280899
2506,3240.2471910112363
2507,3810.168539325843
2508,2872.303370786517
2509,4591.887640449438
2510,3184.6629213483147
2511,4115.044943820225
2512,3111.179775280899
2513,3585.685393258427
2514,4124.932584269663
2515,4560.168539325843
2516,4293.494382022472
2517,1714.191011235955
2518,3481.3707865168544
2519,2667.1460674157306
2520,3450.606741573034
2521,2102.3483146067415
2522,3074.303370786517
2523,4108.808988764045
2524,3868.4044943820227
2525,1056.6741573033707
2526,2775.505617977528
2527,3233.4606741573034
2528,3731.134831460674
2529,4065.123595505618
2530,4309.292134831461
2531,3529.3258426966295
2532,2401.7865168539324
2533,3821.573033707865
2534,4480.168539325843
2535,3551.9662921348317
2536,1928.9101123595506
2537,3367.213483146067
2538,4043.8426966292136
2539,3520.2471910112363
2540,4263.932584269663
2541,4204.696629213483
2542,1573.191011235955
2543,3671.044943820225
2544,4918.76404494382
2545,4952.966292134832
2546,3250.685393258427
2547,3610.61797752809
2548,3645.168539325843
2549,2544.7865168539324
2550,4434.089887640449
2551,3968.8089887640454
2552,2571.2247191011234
2553,3967.685393258427
2554,4447.651685393258
2555,4508.52808988764
2556,4429.887640449438
2557,3789.7640449438204
2558,2897.6629213483147
2559,1812.5505617977528
2560,4671.842696629214
2561,3673.213483146067
2562,3860.685393258427
2563,4515.3258426966295
2564,4156.52808988764
2565,3940.730337078652
2566,4492.76404494382
2567,3785.168539325843
2568,3482.179775280899
2569,4806.404494382023
2570,4366.056179775281
2571,3929.730337078652
2572,844.5955056179776
2573,4708.483146067416
2574,3624.2471910112363
2575,5072.52808988764
2576,854.5955056179776
2577,3656.4157303370794
2578,3975.4044943820227
2579,2859.5842696629215
2580,3476.61797752809
2581,4521.52808988764
2582,2797.303370786517
2583,3474.685393258427
2584,3085.1011235955057
2585,4269.573033707865
2586,3758.7640449438204
2587,3786.696629213483
2588,4425.685393258427
2589,3433.820224719101
2590,3945.9662921348317
2591,4575.213483146067
2592,4140.887640449438
2593,3403.179775280899
2594,4493.808988764045
2595,4345.123595505618
2596,3395.3707865168544
2597,3542.775280898876
2598,4781.52808988764
2599,4054.4044943820227
2600,4543.089887640449
2601,3607.4943820224717
2602,2463.1460674157306
2603,3386.8876404494376
2604,2076.7078651685397
2605,3113.3258426966295
2606,4679.76404494382
2607,4044.168539325843
2608,4036.9775280898884
2609,3737.61797752809
2610,3675.696629213483
2611,3873.4044943820227
2612,4621.651685393258
2613,2609.865168539326
2614,4165.168539325843
2615,4267.651685393258
2616,3419.9662921348317
2617,4381.202247191011
2618,4335.011235955056
2619,2568.505617977528
2620,3232.685393258427
2621,3590.044943820225
2622,4193.696629213483
2623,4766.292134831461
2624,4131.966292134832
2625,4390.247191011236
2626,3129.2471910112363
2627,4451.842696629214
2628,3998.4044943820227
2629,4218.52808988764
2630,4177.134831460674
2631,3208.38202247191
2632,4889.123595505618
2633,4483.494382022472
2634,3522.8988764044943
2635,3846.044943820225
2636,4242.887640449438
2637,560.5168539325842
2638,4355.651685393258
2639,3908.044943820225
2640,1182.6741573033707
2641,3951.8988764044943
2642,4153.573033707865
2643,4170.337078651685
2644,3479.258426966292
2645,2282.7865168539324
2646,1654.8314606741574
2647,2350.7865168539324
2648,3755.4044943820227
2649,5260.247191011236
2650,3168.1011235955057
2651,3539.3258426966295
2652,2995.6629213483147
2653,4548.3258426966295
2654,3886.52808988764
2655,4612.651685393258
2656,3548.168539325843
2657,2571.505617977528
2658,3445.168539325843
2659,2849.3707865168544
2660,4338.168539325843
2661,3413.179775280899
2662,3818.685393258427
2663,4933.932584269663
2664,738.2359550561797
2665,1434.1123595505617
2666,3874.3707865168544
2667,1926.9101123595506
2668,3688.8988764044943
2669,4036.651685393258
2670,4635.044943820225
2671,3261.741573033708
2672,3730.9775280898884
2673,4107.089887640449
2674,4883.3258426966295
2675,4174.842696629214
2676,3354.1011235955057
2677,3394.4157303370794
2678,2278.067415730337
2679,4424.85393258427
2680,4025.775280898876
2681,4456.651685393258
2682,3557.3707865168544
2683,4236.966292134832
2684,4033.685393258427
2685,4286.370786516854
2686,1381.1123595505617
2687,733.2359550561797
2688,3272.5393258426966
2689,4050.089887640449
2690,4335.573033707865
2691,4488.449438202247
2692,3471.4606741573034
2693,4548.808988764045
2694,3786.9662921348317
2695,3850.7640449438204
2696,3022.0224719101125
2697,3663.4044943820227
2698,4628.887640449438
2699,3866.258426966292
2700,4464.52808988764
2701,4115.561797752809
2702,4000.775280898876
2703,5048.123595505618
2704,4024.52808988764
2705,2732.0224719101125
2706,5013.044943820225
2707,3292.9662921348317
2708,4375.011235955056
2709,4718.168539325843
2710,3465.258426966292
2711,3735.573033707865
2712,4491.842696629214
2713,4115.089887640449
2714,1330.8314606741574
2715,2841.5842696629215
2716,4015.258426966292
2717,5165.168539325843
2718,3763.0561797752807
2719,3961.7640449438204
2720,4410.932584269663
2721,3858.7640449438204
2722,3402.5393258426966
2723,1978.9887640449442
2724,4172.134831460674
2725,3964.213483146067
2726,846.5955056179776
2727,3448.685393258427
2728,2683.2247191011234
2729,4094.4044943820227
2730,4388.202247191011
2731,3783.258426966292
2732,1995.9887640449442
2733,4786.606741573034
2734,2578.5842696629215
2735,5386.123595505618
2736,1819.5505617977528
2737,4357.123595505618
2738,3702.044943820225
2739,1469.4719101123594
2740,1921.629213483146
2741,4807.404494382023
2742,3715.651685393258
2743,4617.370786516854
2744,4547.168539325843
2745,3837.685393258427
2746,5036.044943820225
2747,3772.011235955056
2748,4425.404494382023
2749,4429.449438202247
2750,3773.8539325842703
2751,4368.449438202247
2752,4132.3258426966295
2753,848.5955056179776
2754,4490.3258426966295
2755,4941.292134831461
2756,4354.573033707865
2757,2949.4943820224717
2758,4487.370786516854
2759,1834.5505617977528
2760,3516.2471910112363
2761,737.2359550561797
2762,3941.011235955056
2763,3477.179775280899
2764,3524.258426966292
2765,2739.2247191011234
2766,4081.7640449438204
2767,1528.4719101123594
2768,3921.8426966292136
2769,3618.1011235955057
2770,3322.5393258426966
2771,3471.8876404494376
2772,2116.3483146067415
2773,3355.134831460674
2774,4027.4157303370794
2775,4343.730337078652
2776,4242.808988764045
2777,735.2359550561797
2778,1923.9101123595506
2779,3513.3258426966295
2780,4146.011235955056
2781,3626.134831460674
2782,4070.4044943820227
2783,2914.38202247191
2784,3922.52808988764
2785,2496.505617977528
2786,3804.5393258426966
2787,4204.685393258427
2788,4281.483146067416
2789,4463.044943820225
2790,3907.775280898876
2791,1811.5505617977528
2792,2429.1460674157306
2793,4947.089887640449
2794,3827.123595505618
2795,4926.3258426966295
2796,3961.3370786516853
2797,4177.168539325843
2798,3996.696629213483
2799,4117.606741573034
2800,4680.168539325843
2801,3815.4157303370794
2802,4229.044943820225
2803,4328.3258426966295
2804,4226.52808988764
2805,4022.3370786516853
2806,908.6741573033707
2807,3124.1011235955057
2808,3455.4606741573034
2809,4436.168539325843
2810,4370.966292134832
2811,4066.483146067416
2812,4777.52808988764
2813,3680.179775280899
2814,3776.8876404494376
2815,4754.808988764045
2816,3755.685393258427
2817,3294.179775280899
2818,3429.3707865168544
2819,4490.932584269663
2820,4950.404494382023
2821,3942.213483146067
2822,957.9550561797753
2823,2243.7078651685397
2824,4685.449438202247
2825,4785.3258426966295
2826,4076.3370786516853
2827,3501.9662921348317
2828,3708.0561797752807
2829,619.876404494382
2830,3161.38202247191
2831,4333.089887640449
2832,4526.089887640449
2833,4241.573033707865
2834,4318.685393258427
2835,4565.561797752809
2836,4315.056179775281
2837,5226.685393258427
2838,3551.606741573034
2839,3242.741573033708
2840,4085.123595505618
2841,5333.247191011236
2842,2043.2696629213483
2843,3716.4494382022467
2844,2612.865168539326
2845,3247.8876404494376
2846,3698.123595505618
2847,4122.483146067416
2848,2951.38202247191
2849,3402.52808988764
2850,4863.089887640449
2851,3627.123595505618
2852,3803.8539325842703
2853,4167.76404494382
2854,4256.775280898876
2855,3709.123595505618
2856,4590.089887640449
2857,1986.9887640449442
2858,4333.123595505618
2859,4708.449438202247
2860,3881.0561797752807
2861,4753.808988764045
2862,3854.3258426966295
2863,3638.123595505618
2864,3538.4044943820227
2865,3821.52808988764
2866,3949.4157303370794
2867,1320.752808988764
2868,4569.247191011236
2869,3394.651685393258
2870,4850.483146067416
2871,4707.3258426966295
2872,3460.741573033708
2873,4055.696629213483
2874,3354.1011235955057
2875,3791.5393258426966
2876,5041.76404494382
2877,3898.651685393258
2878,3816.651685393258
2879,3781.8876404494376
2880,4443.76404494382
2881,4464.483146067416
2882,4083.775280898876
2883,3393.9662921348317
2884,4939.168539325843
2885,5253.247191011236
2886,4535.52808988764
2887,1661.9101123595506
2888,1070.314606741573
2889,4508.415730337079
2890,3239.38202247191
2891,1791.9101123595506
2892,3912.61797752809
2893,1666.8314606741574
2894,4913.606741573034
2895,4703.932584269663
2896,3758.0561797752807
2897,4448.404494382023
2898,3813.775280898876
2899,3734.213483146067
2900,4388.483146067416
2901,4080.775280898876
2902,3264.3370786516853
2903,4034.775280898876
2904,3972.696629213483
2905,3840.0561797752807
2906,4224.292134831461
2907,1804.5505617977528
2908,4174.685393258427
2909,386.51685393258424
2910,3974.7640449438204
2911,4075.9325842696626
2912,4011.2471910112363
2913,4127.808988764045
2914,4450.966292134832
2915,2007.9887640449442
2916,4056.7640449438204
2917,4328.213483146067
2918,4769.651685393258
2919,4059.123595505618
2920,3481.9775280898884
2921,2579.7865168539324
2922,4559.808988764045
2923,4713.76404494382
2924,2125.7078651685397
2925,3649.4044943820227
2926,4388.932584269663
2927,1756.2696629213483
2928,4099.404494382023
2929,3751.4494382022467
2930,3795.044943820225
2931,4488.76404494382
2932,2663.1460674157306
2933,3474.61797752809
2934,4676.247191011236
2935,3300.741573033708
2936,4147.685393258427
2937,3587.730337078652
2938,1665.9101123595506
2939,2687.6629213483147
2940,4140.685393258427
2941,4095.7640449438204
2942,3243.179775280899
2943,4173.842696629214
2944,1814.5505617977528
2945,4617.651685393258
2946,3765.696629213483
2947,4728.247191011236
2948,3704.8876404494376
2949,4330.404494382023
2950,1709.9101123595506
2951,2203.7078651685397
2952,4407.76404494382
2953,4797.808988764045
2954,4455.415730337079
2955,2313.067415730337
2956,4408.76404494382
